PastPart→Adj__P3sg,2.011671970402925e+16,108,394
Inf2→Noun__A3sg,1.1480953797214582e+16,455,2460
Inf2→Noun__P3sg,2.0116719663373956e+16,455,394
Inf2→Noun__Zero→Verb,2.2066150920193812e+16,455,24
Inf2→Noun__Pres,2.210421574994614e+16,455,17
Inf2→Noun__Cop,2.0631524531842572e+16,455,294
A3sg__P3sg,2.011671963014232e+16,2460,394
A3sg__Zero→Verb,2.206615092018712e+16,2460,24
A3sg__Pres,2.21042157499488e+16,2460,17
A3sg__A3sg,1.148095962989884e+16,2460,2460
A3sg__Cop,2.0631524484491584e+16,2460,294
P3sg__Zero→Verb,2.206615092019507e+16,394,24
P3sg__Pres,2.2104215749947484e+16,394,17
P3sg__A3sg,1.1480959145740024e+16,394,2460
P3sg__Cop,2.063152453184381e+16,394,294
Zero→Verb__Pres,2.210421575010759e+16,24,17
Zero→Verb__A3sg,1.1480958976477184e+16,24,2460
Zero→Verb__Cop,2.0631524530298264e+16,24,294
Pres__A3sg,1.1480959073718168e+16,17,2460
Pres__Cop,2.063152453102652e+16,17,294
Desr__A3sg,1.1480959133673544e+16,25,2460
Fut__A3sg,1.1480957536278892e+16,225,2460
Aor__A3sg,1.1480955200486608e+16,697,2460
Neg__Aor,1.8611434313288804e+16,314,697
Neg__Cond,2.171482129956057e+16,314,89
Neg__A3sg,1.148095706426419e+16,314,2460
Aor__Cond,2.1714821298692824e+16,697,89
Cond__A3sg,1.148095872219545e+16,89,2460
PastPart→Noun__A3sg,1.1480956011609944e+16,291,2460
PastPart→Noun__Acc,2.091323532798282e+16,291,240
A3sg__Acc,2.0913235318071532e+16,2460,240
Desr__Past,1.9450872613248292e+16,25,526
Past__A3sg,1.1480956846339156e+16,526,2460
Narr__A3sg,1.1480955684846842e+16,346,2460
Narr__Cop,2.063152451353885e+16,346,294
Neg__Prog1,1.75652803310624e+16,314,918
Prog1__A3sg,1.148095489786108e+16,918,2460
Imp__A2sg,2.166110506493095e+16,93,99
Imp__A3sg,1.1480959097330562e+16,93,2460
Inf2→Noun__Dat,2.157534701632751e+16,455,115
A3sg__Dat,2.157534701596257e+16,2460,115
Able→Verb__Aor,1.861143430749289e+16,141,697
Able→Verb__A3sg,1.148095812925806e+16,141,2460
Neg__PresPart→Adj,1.9913295717314784e+16,314,434
PresPart→Noun__A3pl,2.056928151710607e+16,69,306
PresPart→Noun__Abl,2.188732059404474e+16,69,57
A3pl__Abl,2.188732059404332e+16,306,57
PastPart→Noun__P2sg,2.1752474941730388e+16,291,82
PastPart→Noun__Loc,2.1995581547536212e+16,291,37
A3sg__P2sg,2.1752474941399016e+16,2460,82
A3sg__Loc,2.1995581547487224e+16,2460,37
P2sg__Loc,2.1995581547588584e+16,82,37
PastPart→Noun__P2pl,2.1990159505840704e+16,291,38
A3sg__P2pl,2.199015950580847e+16,2460,38
P2pl__Acc,2.0913235342194516e+16,38,240
Neg__Desr,2.2060714289846776e+16,314,25
Inf2→Noun__A3pl,2.0569281525491824e+16,455,306
Inf2→Noun__P2sg,2.1752474942158356e+16,455,82
Inf2→Noun__Abl,2.1887320593998028e+16,455,57
A3pl__P2sg,2.17524749421642e+16,306,82
P2sg__Abl,2.1887320594045124e+16,82,57
Inf1→Noun__A3sg,1.1480955418757746e+16,303,2460
PastPart→Noun__P3sg,2.0116719690680016e+16,291,394
P3sg__Acc,2.0913235335113604e+16,394,240
Desr__A1sg,1.8621100364896376e+16,25,695
Neg__PastPart→Adj,2.161283621323612e+16,314,108
Neg__P1sg,2.194140076541903e+16,314,47
PastPart→Adj__P1sg,2.1941400765365376e+16,108,47
Able→Verb__Prog1,1.7565280425456486e+16,141,918
PastPart→Noun__Dat,2.1575347018654756e+16,291,115
P3sg__Dat,2.1575347018231052e+16,394,115
Inf2→Noun__P3pl,2.2038989469111776e+16,455,29
A3sg__P3pl,2.2038989469109096e+16,2460,29
P2sg__Acc,2.091323533686932e+16,82,240
Fut__Narr,2.0362713079969988e+16,225,346
Neg__Past,1.9450872592764024e+16,314,526
Prog2__A3sg,1.1480957923552842e+16,121,2460
Prog2__Cop,2.0631524514238596e+16,121,294
Able→Verb__A3pl,2.0569281526667996e+16,141,306
Aor__A3pl,2.0569281521933692e+16,697,306
PastPart→Noun__A3pl,2.0569281523247056e+16,291,306
A3pl__P3sg,2.011671971708606e+16,306,394
P2sg__Dat,2.1575347018729804e+16,82,115
Neg__AfterDoingSo→Adv,1.6704949931906996e+16,519,51
Inf2→Noun__P1pl,2.1854899575769196e+16,455,63
A3sg__P1pl,2.185489957562579e+16,2460,63
P1pl__Dat,2.157534701877283e+16,63,115
Inf2→Noun__Acc,2.091323533545741e+16,455,240
Neg__PastPart→Noun,2.064710652629857e+16,314,291
Neg__P3sg,2.0116719718634536e+16,314,394
Neg__Acc,2.0913235340898484e+16,314,240
FutPart→Adj__P3sg,2.011671971986382e+16,49,394
Imp__A3pl,2.056928152717873e+16,93,306
PastPart→Noun__P3pl,2.2038989469118692e+16,291,29
A3pl__P3pl,2.2038989469152908e+16,306,29
Fut__Cond,2.1714821299656548e+16,225,89
PresPart→Noun__P2sg,2.1752474942198316e+16,69,82
P3sg__Loc,2.1995581547549244e+16,394,37
Able→Verb__FutPart→Noun,2.1833309444860024e+16,141,67
Able→Verb__P2sg,2.1752474942332028e+16,141,82
Able→Verb__Dat,1.6555363840899692e+16,228,85
FutPart→Noun__A3sg,1.1480958528625658e+16,67,2460
FutPart→Noun__P2sg,2.175247494211032e+16,67,82
FutPart→Noun__Dat,2.157534701865874e+16,67,115
A3pl__Acc,2.091323533998083e+16,306,240
Fut__A2sg,2.1661105065068988e+16,225,99
PresPart→Noun__A3sg,1.148095908524967e+16,69,2460
PresPart→Noun__P3sg,2.011671972266769e+16,69,394
Prog1__A1pl,2.0501983075010176e+16,918,319
Prog1__A1sg,1.8621100044219944e+16,918,695
Inf1→Noun__Abl,2.18873205939189e+16,303,57
A3sg__Abl,2.1887320593717204e+16,2460,57
Neg__P2sg,2.175247494217391e+16,314,82
Past__A1sg,1.862110023449584e+16,526,695
Imp__A2pl,2.131413418542556e+16,93,164
Fut__Cop,2.0631524527237268e+16,225,294
PastPart→Noun__P1pl,2.18548995757711e+16,291,63
P1pl__Acc,2.091323534229231e+16,63,240
Neg__Imp,2.1693321789218664e+16,314,93
Fut__Past,1.945087261161057e+16,225,526
Aor__A1sg,1.86211001832788e+16,697,695
Aor__A2sg,2.1661105064792492e+16,697,99
Neg__A2pl,2.131413418781246e+16,314,164
Inf2→Noun__Gen,2.2006427423887964e+16,455,35
A3sg__Gen,2.200642742388809e+16,2460,35
P3sg__Gen,2.200642742393324e+16,394,35
Neg__Inf2→Noun,1.9807077842830984e+16,314,455
Inf1→Noun__Loc,2.19955815475387e+16,303,37
Aor__Past,1.945087260214172e+16,697,526
PastPart→Adj__P1pl,2.1854899575771116e+16,108,63
Pass→Verb__PresPart→Adj,1.991329566267728e+16,895,434
FutPart→Noun__P3sg,2.011671971677706e+16,67,394
FutPart→Noun__Abl,2.188732059405889e+16,67,57
P3sg__Abl,2.1887320594005716e+16,394,57
Neg__A1sg,1.862110033880509e+16,314,695
Neg__When→Adv,2.210964764914131e+16,314,16
Opt__A1pl,2.050198308803852e+16,75,319
Able→Verb__Past,1.9450872613253236e+16,141,526
Prog1__Past,1.945087257447989e+16,918,526
Prog1__Cond,2.171482129950402e+16,918,89
Unable__Prog1,1.7565280418744364e+16,113,918
Unable__A2pl,2.1314134188619116e+16,113,164
Prog1__A2pl,2.131413418735764e+16,918,164
Neg__Fut,2.099195872357532e+16,314,225
Neg__Cop,2.0631524531525524e+16,314,294
Neg__Narr,2.036271307706496e+16,314,346
Aor__A2pl,2.13141341869237e+16,697,164
Cond__A2pl,2.1314134187862644e+16,89,164
Able→Verb__A1pl,2.0501983096015988e+16,141,319
Fut__A1sg,1.862110034076861e+16,225,695
Narr__A3pl,2.056928152419013e+16,346,306
A3pl__Cop,2.063152453031702e+16,306,294
Neces__A3sg,1.1480958867444164e+16,37,2460
Unable__Past,1.9450872609407144e+16,113,526
Unable__A1sg,1.8621100355278376e+16,113,695
Able→Verb__P3sg,2.011671972052033e+16,141,394
Able→Verb__Abl,1.6647657823546126e+16,228,64
FutPart→Noun__A3pl,2.0569281526460452e+16,67,306
PastPart→Noun__Abl,2.188732059388282e+16,291,57
Able→Verb__Inf1→Noun,2.0584823698598464e+16,141,303
Desr__A1pl,2.0501983096816924e+16,25,319
Prog1__A3pl,2.0569281516506788e+16,918,306
A3pl__Past,1.9450872608811376e+16,306,526
Neces__Past,1.9450872616551824e+16,37,526
Neg__Abl,1.6647657823289462e+16,519,64
Aor__A1pl,2.050198308599379e+16,697,319
Pass→Verb__Able→Verb,2.143648139287891e+16,895,141
Pass→Verb__Aor,1.8611434260798492e+16,895,697
Pass→Verb__A3sg,1.1480951267748386e+16,895,2460
Neg__Gen,2.2006427423978092e+16,314,35
PastPart→Noun__Gen,2.2006427423946124e+16,291,35
P2sg__Gen,2.2006427423958596e+16,82,35
Cond__A1pl,2.0501983095581984e+16,89,319
Pass→Verb__FutPart→Noun,2.1833309444692936e+16,895,67
Pass→Verb__P3sg,2.0116719676393976e+16,895,394
Pass→Verb__Acc,2.0913235337071024e+16,895,240
FutPart→Noun__Acc,2.0913235337568324e+16,67,240
Unable__Aor,1.86114343230618e+16,113,697
Unable__A3sg,1.148095849231522e+16,113,2460
Hastily→Verb__Narr,1.6081878134743358e+16,3,194
Hastily→Verb__Past,1.479004243542032e+16,3,503
Hastily→Verb__A3sg,7008274015904837.0,3,3037
Narr__Past,1.9450872589982456e+16,346,526
Able→Verb__FutPart→Adj,2.1930574567720876e+16,141,49
Able→Verb__Acc,2.0913235342073704e+16,141,240
Unable__PastPart→Noun,2.064710652770654e+16,113,291
Unable__Acc,2.091323534256447e+16,113,240
Fut__A2pl,2.13141341882213e+16,225,164
Prog1__A2sg,2.1661105064757076e+16,918,99
Neg__Neces,2.1995580066763004e+16,314,37
Neces__A3pl,1.6350066914076768e+16,44,132
Neg__Able→Verb,2.143648139453571e+16,314,141
Neg__Dat,2.1575347018734696e+16,314,115
Neg__A3pl,2.0569281521215228e+16,314,306
Able→Verb__Prog2,2.1543244193496064e+16,141,121
Able→Verb__Cop,2.0631524532758788e+16,141,294
Desr__A3pl,2.0569281527402988e+16,25,306
Fut__A1pl,2.050198309276907e+16,225,319
Neces__Cop,2.0631524530139184e+16,37,294
Neg__PresPart→Noun,2.1822519595517544e+16,314,69
PresPart→Noun__Acc,2.0913235342738924e+16,69,240
Past__A1pl,2.0501983083174616e+16,526,319
Narr__A1pl,2.050198309638216e+16,346,319
Past__A3pl,2.056928151934044e+16,526,306
P1pl__Loc,2.1995581547608e+16,63,37
PresPart→Noun__Dat,2.1575347018652852e+16,69,115
Opt__A1sg,1.862110035133895e+16,75,695
Neg__P1pl,2.185489957592523e+16,314,63
Inf1→Noun__Zero→Verb,2.2066150920188044e+16,303,24
Inf1→Noun__Pres,2.2104215749944812e+16,303,17
Inf1→Noun__Cop,2.063152453184145e+16,303,294
Unable__Fut,2.0991958723925176e+16,113,225
Unable__A3pl,2.0569281526323588e+16,113,306
Unable__Cop,2.06315245320973e+16,113,294
Fut__A3pl,2.0569281526860812e+16,225,306
Neg__FutPart→Noun,2.1833309444818372e+16,314,67
FutPart→Adj__P3pl,2.203898946914259e+16,49,29
PresPart→Noun__P3pl,1.6766813490929058e+16,63,37
P3pl__Abl,1.6647657823405528e+16,37,64
Able→Verb__A1sg,1.862110035911299e+16,141,695
Pass→Verb__Imp,2.169332178962436e+16,895,93
Pass→Verb__A2sg,2.1661105065107828e+16,895,99
Unable__When→Adv,1.6806655489733282e+16,60,28
Hastily→Verb__Imp,2.1693321789758744e+16,3,93
PresPart→Noun__Gen,2.200642742396585e+16,69,35
A3pl__Gen,2.200642742396958e+16,306,35
Narr__A1sg,1.8621100358107252e+16,346,695
Inf2→Noun__With→Adj,2.2180458676561184e+16,455,3
A3sg__With→Adj,2.218045867656991e+16,2460,3
PastPart→Adj__P3pl,2.203898946911861e+16,108,29
Pass→Verb__Inf2→Noun,1.9807077799336656e+16,895,455
Pass→Verb__Loc,2.199558154755854e+16,895,37
Inf2→Noun__Loc,2.1995581547550744e+16,455,37
Able→Verb__PastPart→Noun,2.0647106528523316e+16,141,291
Able→Verb__Equ,1.6908774568414516e+16,228,5
PastPart→Noun__Equ,1.6908774568387994e+16,665,5
A3sg__Equ,1.6908774568400448e+16,3037,5
P3sg__Equ,1.6908774568388382e+16,592,5
Unable__P1pl,1.6780086184048654e+16,60,34
A3pl__P1pl,2.1854899575936908e+16,306,63
Cond__A2sg,2.1661105065071564e+16,89,99
Able→Verb__A2pl,2.131413418864268e+16,141,164
Able→Verb__Gen,1.6718195515547742e+16,228,48
FutPart→Noun__Gen,2.2006427423981556e+16,67,35
Neg__P2pl,2.1990159505890972e+16,314,38
Inf1→Noun__Ins,2.2142311896868256e+16,303,10
A3sg__Ins,2.214231189687684e+16,2460,10
PastPart→Noun__P1sg,2.1941400765290436e+16,291,47
A3sg__P1sg,2.1941400765238464e+16,2460,47
P1sg__Acc,2.0913235342513936e+16,47,240
Able→Verb__Desr,2.206071428987059e+16,141,25
P3pl__Acc,2.0913235342425264e+16,29,240
Inf2→Noun__P2pl,2.199015950584171e+16,455,38
Opt__A3sg,1.148095914574188e+16,75,2460
Neg__P3pl,2.2038989469152536e+16,314,29
A3pl__Dat,2.1575347018659076e+16,306,115
Able→Verb__Narr,2.036271308067922e+16,141,346
PastPart→Adj__P2pl,2.199015950583774e+16,108,38
Neg__Zero→Verb,1.6837694622365716e+16,519,21
Inf2→Noun__Past,1.94508726176357e+16,455,526
A3sg__Past,1.945087261708628e+16,2460,526
P3pl__Zero→Verb,1.6837694622459118e+16,37,21
P3pl__Past,1.4790042436461708e+16,37,503
P3pl__A3sg,7008274034373630.0,37,3037
Zero→Verb__Past,1.945087261668926e+16,24,526
Neg__A2sg,2.1661105064977628e+16,314,99
P2pl__Zero→Verb,1.6837694622449584e+16,13,21
P2pl__Pres,1.685101100772341e+16,13,18
P2pl__A3sg,7008274071253207.0,13,3037
P2pl__Cop,1.624156474289986e+16,13,157
P2pl__Loc,2.1995581547631044e+16,38,37
Neg__AsLongAs→Adv,1.6913222822945914e+16,519,4
Neces__A1pl,2.050198309680158e+16,37,319
A3pl__Cond,2.171482129964349e+16,306,89
Neg__Pres,1.6851011007639818e+16,519,18
Able→Verb__Cond,1.6441579062485056e+16,228,111
Cond__A1sg,1.86211003639166e+16,89,695
Neg__A1pl,2.050198309395773e+16,314,319
P3pl__Pres,1.6851011007723572e+16,37,18
P3pl__Cop,1.6241564742861874e+16,37,157
PastPart→Noun__Zero→Verb,2.2066150920203764e+16,291,24
PastPart→Noun__Pres,1.6851011007624584e+16,665,18
PastPart→Noun__Cop,1.6241564742802336e+16,665,157
Able→Verb__P3pl,2.2038989469179684e+16,141,29
FutPart→Noun__P3pl,2.203898946915429e+16,67,29
Inf2→Noun__P1sg,2.194140076534592e+16,455,47
P1sg__Dat,2.1575347018790456e+16,47,115
Pass→Verb__Neg,2.0527853632733228e+16,895,314
Pass→Verb__Prog1,1.75652803495668e+16,895,918
Able→Verb__Inf2→Noun,1.980707784326819e+16,141,455
Able→Verb__A2sg,2.166110506511887e+16,141,99
Desr__A2sg,2.16611050651837e+16,25,99
Past__A2sg,2.1661105064625724e+16,526,99
Neg__While→Adv,1.6913223083002024e+16,519,4
Aor__While→Adv,2.2060711915777836e+16,697,25
Prog1__Narr,2.0362713078954504e+16,918,346
P3pl__Dat,2.1575347018843616e+16,29,115
P3pl__Gen,2.200642742400799e+16,29,35
Unable__A1pl,2.0501983095638916e+16,113,319
Unable__Prog2,1.6842128832991552e+16,60,20
Unable__Desr,2.2060714289901124e+16,113,25
Prog1__Cop,2.063152453253796e+16,918,294
Unable__Cond,2.1714821299725504e+16,113,89
Unable__Inf1→Noun,1.6280565194055156e+16,60,148
Neg__Opt,2.1790170031589016e+16,314,75
A3pl__Loc,2.1995581547605436e+16,306,37
P3pl__Loc,2.1995581547631496e+16,29,37
PastPart→Adj__P2sg,1.6004580570661528e+16,102,212
P1sg__Gen,1.6718195515573444e+16,39,48
Able→Verb__Ins,1.689098623582201e+16,228,9
FutPart→Noun__Ins,1.689098623582456e+16,51,9
P3sg__Ins,2.2142311896871264e+16,394,10
PresPart→Noun__Loc,1.6811089676833708e+16,63,27
Cop__A3pl,2.056928152624271e+16,294,306
Past__A2pl,2.1314134187920736e+16,526,164
Neg__Inf1→Noun,2.0584823698942256e+16,314,303
Narr__A2pl,2.1314134188655172e+16,346,164
A2pl__Cop,2.0631524532883404e+16,164,294
Pass→Verb__Fut,2.0991958719805972e+16,895,225
Pass→Verb__Cop,2.063152451162394e+16,895,294
Pass→Verb__Narr,2.0362713048552564e+16,895,346
Pass→Verb__Past,1.9450872569500908e+16,895,526
Aor__Narr,2.036271307966943e+16,697,346
FutPart→Adj__P2pl,2.1990159505874716e+16,49,38
Unable__FutPart→Noun,2.1833309444917412e+16,113,67
Unable__P3sg,2.011671972023966e+16,113,394
Unable__Dat,1.6555363841056154e+16,60,85
P1sg__Zero→Verb,1.6837694622399052e+16,39,21
P1sg__Pres,1.6851011007672928e+16,39,18
P1sg__A3sg,7008274071223740.0,39,3037
P1sg__Cop,1.6241564742849964e+16,39,157
Dat__Zero→Verb,1.6837694622378978e+16,85,21
Dat__Pres,1.6851011007649768e+16,85,18
Dat__A3sg,7008274071211568.0,85,3037
Dat__Cop,1.6241564742830158e+16,85,157
Neces__Narr,2.0362713080650188e+16,37,346
P3sg__Past,1.9450872618742656e+16,394,526
Inf1→Noun__Past,1.9450872616527496e+16,303,526
Able→Verb__Fut,2.0991958722987296e+16,141,225
P1sg__Loc,2.199558154759914e+16,47,37
P2sg__Equ,1.6908774568391922e+16,212,5
Desr__A2pl,2.1314134188790556e+16,25,164
Unable__PastPart→Adj,2.16128362133834e+16,113,108
Unable__P3pl,1.6766813491057536e+16,60,37
Inf2→Noun__Ins,2.2142311896869864e+16,455,10
Prog2__A3pl,2.05692815258666e+16,121,306
Unable__Inf2→Noun,1.980707784743771e+16,113,455
P1pl__Gen,2.2006427423987504e+16,63,35
Pass→Verb__Unable,2.1586059011547532e+16,895,113
Unable__PresPart→Adj,1.9913295718120812e+16,113,434
Past__Cond,2.171482129957726e+16,526,89
A1sg__Cond,1.6441579062515106e+16,98,111
Unable__P1sg,1.6757965657308596e+16,60,39
P1sg__Abl,2.1887320594063104e+16,47,57
Neg__Ins,1.6890986235810596e+16,519,9
A3pl__Zero→Verb,2.2066150920232604e+16,306,24
A3pl__Pres,2.210421574997985e+16,306,17
A3pl__A3sg,1.1480959218383936e+16,306,2460
PresPart→Noun__Ins,2.2142311896896716e+16,69,10
A3pl__Ins,2.214231189690272e+16,306,10
Pass→Verb__PastPart→Noun,2.064710652051457e+16,895,291
Hastily→Verb__Prog1,1.582520245666548e+16,3,254
A1sg__Cop,1.6241564742811828e+16,98,157
Unable__A2sg,2.1661105065227624e+16,113,99
Opt__Past,1.47900424353724e+16,17,503
Unable__ByDoingSo→Adv,1.3676122168625186e+16,60,785
Unable__P2sg,2.1752474942375896e+16,113,82
Pass→Verb__Dat,2.157534701847008e+16,895,115
PastPart→Noun__Narr,2.0362713080629056e+16,291,346
A3pl__Narr,2.0362713080176516e+16,306,346
P1pl__Zero→Verb,2.2066150920242828e+16,63,24
P1pl__Narr,2.036271308066722e+16,63,346
P1pl__A3sg,1.1480959230490084e+16,63,2460
Zero→Verb__Narr,2.0362713081028516e+16,24,346
Pass→Verb__Neces,2.1995580066689864e+16,895,37
Neg__Loc,2.199558154759896e+16,314,37
NarrPart→Adj__Zero→Verb,2.2066150920388676e+16,4,24
NarrPart→Adj__Pres,2.2104215750136536e+16,4,17
NarrPart→Adj__A3pl,2.0569281527921764e+16,4,306
NarrPart→Adj__Cop,2.0631524533062504e+16,4,294
Zero→Verb__A3pl,2.0569281528088908e+16,24,306
Pres__A3pl,2.05692815288039e+16,17,306
Pass→Verb__P2sg,2.1752474942093452e+16,895,82
Pass→Verb__Abl,2.1887320593935988e+16,895,57
Pass→Verb__Prog2,2.1543244192538452e+16,895,121
Pass→Verb__PastPart→Adj,2.1612836212976424e+16,895,108
Pass→Verb__P3pl,2.2038989469122468e+16,895,29
FutPart→Adj__P2sg,2.175247494230844e+16,49,82
Caus→Verb__Caus→Verb,2.1720203919482564e+16,88,88
Caus→Verb__Inf1→Noun,2.058482369834363e+16,88,303
Caus→Verb__A3sg,1.1480958565005758e+16,88,2460
FutPart→Noun__P1pl,2.1854899575928548e+16,67,63
Unable__Narr,2.036271307903324e+16,113,346
Pass→Verb__ByDoingSo→Adv,2.1607475298421028e+16,895,109
Caus→Verb__Past,1.945087261280986e+16,88,526
Caus→Verb__A1sg,1.862110036211945e+16,88,695
Caus→Verb__PresPart→Adj,1.991329571857876e+16,88,434
Pass→Verb__A3pl,2.0569281524558236e+16,895,306
Pass→Verb__Gen,2.200642742393673e+16,895,35
Pass→Verb__While→Adv,2.2060711915802708e+16,895,25
Caus→Verb__Neg,2.0527853640388176e+16,88,314
Caus→Verb__Imp,2.1693321789874964e+16,88,93
Caus→Verb__A2sg,2.1661105065272104e+16,88,99
Pass→Verb__Cond,2.1714821299470532e+16,895,89
Pass→Verb__Opt,2.179017003165253e+16,895,75
Caus→Verb__Pass→Verb,1.7672129317223734e+16,88,895
Caus→Verb__Narr,2.0362713079594236e+16,88,346
Caus→Verb__Prog2,2.1543244193609784e+16,88,121
Caus→Verb__Cop,2.0631524532179732e+16,88,294
Repeat→Verb__Imp,2.1693321789753536e+16,1,93
Repeat→Verb__A3sg,1.148095921836839e+16,1,2460
Caus→Verb__Inf2→Noun,1.980707784586306e+16,88,455
Caus→Verb__P3sg,2.0116719721873532e+16,88,394
Caus→Verb__Unable,2.1586059012401664e+16,88,113
Caus→Verb__Aor,1.8611434359079676e+16,88,697
Caus→Verb__Fut,2.0991958724001344e+16,88,225
Pass→Verb__NarrPart→Adj,2.2175008326805584e+16,895,4
EverSince→Verb__PastPart→Adj,2.161283621332224e+16,2,108
EverSince→Verb__P1sg,2.1941400765415984e+16,2,47
Pass→Verb__FutPart→Adj,2.193057456766091e+16,895,49
Pass→Verb__AfterDoingSo→Adv,2.214231070693601e+16,895,10
Pass→Verb__Inf1→Noun,2.058482369873252e+16,895,303
Able→Verb__PresPart→Adj,1.991329571846796e+16,141,434
Able→Verb__P1pl,2.1854899575948936e+16,141,63
FutPart→Adj__P1pl,2.185489957591182e+16,49,63
Pass→Verb__A1sg,1.8621100364861084e+16,895,695
Neg__Prog2,2.1543244193443136e+16,314,121
Pass→Verb__Ins,2.2142311896872016e+16,895,10
Prog2__Past,1.9450872617635584e+16,121,526
Caus→Verb__FutPart→Adj,2.1930574567854508e+16,88,49
Caus→Verb__P1sg,2.1941400765557296e+16,88,47
FutPart→Adj__P1sg,2.194140076541016e+16,49,47
Hastily→Verb__A2pl,2.1314134188838068e+16,3,164
Caus→Verb__Acc,2.0913235342071348e+16,88,240
Caus→Verb__A3pl,2.0569281526967892e+16,88,306
FutPart→Noun__P2pl,2.199015950589146e+16,67,38
Able→Verb__Opt,2.1790170031736468e+16,141,75
Opt__A2sg,2.166110506514657e+16,75,99
Caus→Verb__PastPart→Noun,2.0647106527788988e+16,88,291
Caus→Verb__Abl,2.188732059419687e+16,88,57
Caus→Verb__Prog1,1.756528043567489e+16,88,918
Caus→Verb__Neces,2.199558006690956e+16,88,37
Caus→Verb__A1pl,2.0501983097348916e+16,88,319
Caus→Verb__FutPart→Noun,2.183330944497441e+16,88,67
Able→Verb__PastPart→Adj,2.1612836213353084e+16,141,108
Aor__AsIf→Adv,2.2175006540144216e+16,697,4
A3sg__AsIf→Adv,2.2175006540151868e+16,2460,4
Pass→Verb__PresPart→Noun,2.182251959559557e+16,895,69
Unable__PresPart→Noun,2.1822519595723984e+16,113,69
Unable__Gen,2.2006427424032396e+16,113,35
Neces__A2pl,2.131413418882889e+16,37,164
Able→Verb__AorPart→Adj,1.8499838604732696e+21,2511,108
Pass→Verb__Zero→Verb,2.2066150920197384e+16,895,24
Narr__A2sg,2.166110506513615e+16,346,99
Caus→Verb__P2sg,2.1752474942446264e+16,88,82
Pass→Verb__Desr,2.2060714289817636e+16,895,25
Unable__While→Adv,2.2060711915889748e+16,113,25
Pass→Verb__Pres,2.2104215749949664e+16,895,17
PresPart→Noun__Zero→Verb,2.2066150920227308e+16,69,24
PresPart→Noun__Pres,2.210421574995732e+16,69,17
PresPart→Noun__Cop,2.0631524532732916e+16,69,294
Pass→Verb__WithoutHavingDoneSo→Adv,2.210420594426298e+16,895,17
Neces__A1sg,1.8621100367779344e+16,37,695
Pass→Verb__Zero→Noun,2.2180460463516384e+16,895,3
NarrPart→Adj__Zero→Noun,2.2180460463701304e+16,4,3
NarrPart→Adj__Abl,2.1887320594217244e+16,4,57
Zero→Noun__A3pl,2.0569281528113584e+16,3,306
Zero→Noun__Abl,2.188732059422209e+16,3,57
Caus→Verb__Able→Verb,2.143648139455387e+16,88,141
Pass→Verb__When→Adv,2.210964764911326e+16,895,16
Unable__FutPart→Adj,2.1930574567770544e+16,113,49
Inf1→Noun__Cond,2.17148212996413e+16,303,89
A3sg__Cond,2.1714821299665676e+16,2460,89
Abl__Zero→Verb,2.2066150920673876e+16,57,24
Abl__Cond,2.1714821300127516e+16,57,89
Abl__A3sg,1.1480959242912628e+16,57,2460
Zero→Verb__Cond,2.1714821299826384e+16,24,89
Caus→Verb__P2pl,2.199015950602937e+16,88,38
P2pl__Dat,2.1575347018843172e+16,38,115
Pass→Verb__AorPart→Adj,2.2185911706800268e+16,895,2
Caus→Verb__Opt,2.1790170031839356e+16,88,75
Caus→Verb__ByDoingSo→Adv,2.160747529894106e+16,88,109
Narr__Cond,2.171482129966936e+16,346,89
Loc__Zero→Verb,2.2066150920262336e+16,37,24
Loc__Past,1.945087261823905e+16,37,526
Loc__A3sg,1.1480959230503128e+16,37,2460
Pass→Verb__P1sg,2.1941400765396784e+16,895,47
Hastily→Verb__PresPart→Adj,1.9913295720332536e+16,3,434
Unable__Neces,2.199558006682551e+16,113,37
Neg__FutPart→Adj,2.1930574567716304e+16,314,49
Pass→Verb__P1pl,2.1854899575914388e+16,895,63
Caus→Verb__Dat,2.157534701892513e+16,88,115
FutPart→Noun__P1sg,2.194140076542687e+16,67,47
Caus→Verb__Zero→Verb,2.2066150920369796e+16,88,24
Caus→Verb__A2pl,2.1314134188863676e+16,88,164
Able→Verb__P2pl,2.199015950591762e+16,141,38
Narr__AsIf→Adv,2.217500654015412e+16,346,4
Caus→Verb__PresPart→Noun,2.1822519595807876e+16,88,69
Hastily→Verb__A2sg,2.1661105065196976e+16,3,99
FeelLike→Noun__A3sg,1.148095921836839e+16,1,2460
FeelLike→Noun__P2pl,2.1990159505875004e+16,1,38
Prog2__A1pl,2.0501983097592636e+16,121,319
Unable__Abl,2.188732059411554e+16,113,57
EverSince→Verb__PresPart→Adj,1.9913295720321692e+16,2,434
A3pl__P2pl,2.19901595058976e+16,306,38
Caus→Verb__AfterDoingSo→Adv,2.214231070710242e+16,88,10
Unable__Zero→Verb,2.2066150920284372e+16,113,24
Unable__Pres,2.2104215750022692e+16,113,17
P1pl__Abl,2.188732059407311e+16,63,57
Caus→Verb__WithoutHavingDoneSo→Adv,2.2104205944430748e+16,88,17
NarrPart→Adj__A3sg,1.1480959218508268e+16,4,2460
NarrPart→Adj__P2pl,2.199015950605139e+16,4,38
Zero→Noun__A3sg,1.1480959206411608e+16,3,2460
Zero→Noun__P2pl,2.1990159506056304e+16,3,38
When→Adv__Zero→Noun,2.2180460463522044e+16,16,3
When→Adv__A3sg,1.1480959218364306e+16,16,2460
When→Adv__Dat,2.1575347018792824e+16,16,115
Zero→Noun__Dat,2.1575347018975444e+16,3,115
Unable__AfterDoingSo→Adv,2.21423107070183e+16,113,10
A3sg__A3pl,2.05692815281185e+16,2460,306
PresPart→Noun__P2pl,1.840552204933063e+21,755,461
Opt__A2pl,1.8038315070867573e+21,1582,1847
A3pl__P1sg,1.8278054711735629e+21,5397,940
Pass→Verb__Rel→Adj,1.851991899411853e+21,10577,33
Inf2→Noun__Rel→Adj,1.8519918994118533e+21,11651,33
A3sg__Rel→Adj,1.8519918994118533e+21,45371,33
P3sg__Rel→Adj,1.8519918994118533e+21,8278,33
Loc__Rel→Adj,1.8519918994118533e+21,1526,33
Pass→Verb__EverSince→Verb,1.8525811998484327e+21,10577,11
EverSince→Verb__Prog2,1.8261333780702584e+21,11,1003
EverSince→Verb__A3sg,9.03121877780565e+20,11,45371
EverSince→Verb__Cop,1.765401529471334e+21,11,3318
Caus→Verb__PastPart→Adj,1.8034104988433134e+21,3794,1863
P2pl__Abl,1.8251518389070177e+21,461,1040
PastPart→Noun__Ins,1.8426868705147872e+21,5465,381
P3pl__Ins,1.8426868705147853e+21,932,381
Able→Verb__P1sg,1.8278054711736693e+21,2511,940
Unable__P2pl,1.84055220493306e+21,1543,461
Pass→Verb__Hastily→Verb,1.8515901761080666e+21,10577,48
Able→Verb__While→Adv,1.8313653923716926e+21,2511,806
Unable__Able→Verb,1.7864152655072736e+21,1543,2511
Ins__Zero→Verb,1.8379927890095466e+21,381,557
Ins__Pres,1.8409790093638922e+21,381,445
Ins__A3sg,9.031218778134985e+20,381,45371
Ins__Cop,1.7654015294713527e+21,381,3318
Able→Verb__Zero→Verb,1.8379927890095385e+21,2511,557
Able→Verb__Pres,1.8409790093638888e+21,2511,445
NarrPart→Adj__Gen,1.824488828784023e+21,52,1065
Zero→Noun__Gen,1.8244888287840227e+21,29,1065
Neg__SinceDoingSo→Adv,1.8525544097318885e+21,5325,12
A2sg__Cop,1.7654015294712203e+21,4082,3318
Caus→Verb__Gen,1.824488828783939e+21,3794,1065
Neces__While→Adv,1.831365392371694e+21,600,806
Caus→Verb__P1pl,1.8217854390686416e+21,3794,1167
Caus→Verb__Cond,1.8254436085054953e+21,3794,1029
NarrPart→Adj__Cond,1.8254436085055543e+21,52,1029
Narr__While→Adv,1.8313653923716782e+21,5420,806
Neces__A2sg,1.7456624775149092e+21,600,4082
Pass→Verb__A2pl,1.8038315070867503e+21,10577,1847
With→Adj__Zero→Verb,1.837992789009546e+21,21,557
With→Adj__Pres,1.8409790093638915e+21,21,445
With→Adj__A3sg,9.031218778093814e+20,21,45371
With→Adj__Cop,1.7654015294713307e+21,21,3318
PastPart→Noun__Cond,1.8254436085055525e+21,5465,1029
P2sg__Zero→Verb,1.8379927890095463e+21,1757,557
P2sg__Cond,1.8254436085055543e+21,1757,1029
P2sg__A3sg,9.031218778134983e+20,1757,45371
Loc__Cond,1.8254436085055504e+21,1526,1029
Able→Verb__Neces,1.8368471533334812e+21,2511,600
Neg__ByDoingSo→Adv,1.8004390158270703e+21,5325,1976
Able→Verb__Loc,1.8122919377053554e+21,2511,1526
Pass→Verb__SinceDoingSo→Adv,1.8525544097318883e+21,10577,12
Past__Past,1.5341034636646964e+21,12672,12672
Caus→Verb__P3pl,1.8280178737607365e+21,3794,932
A2sg__Cond,1.8254436085055567e+21,4082,1029
Prog2__A2pl,1.8038315070867641e+21,1003,1847
P2pl__Gen,1.8244888287840098e+21,461,1065
Able→Verb__Neg,1.7138699215741636e+21,2511,5325
PresPart→Noun__Cond,1.8254436085055483e+21,755,1029
PresPart→Noun__A2pl,1.8038315070867712e+21,755,1847
A3pl__A2pl,1.803831507086771e+21,5397,1847
Abl__A2pl,1.8038315070867788e+21,1040,1847
Zero→Verb__A2pl,1.8038315070867712e+21,557,1847
FeelLike→Noun__Zero→Verb,1.8379927890095474e+21,6,557
FeelLike→Noun__Narr,1.7114564945523963e+21,6,5420
A3sg__Narr,1.7114564945522784e+21,45371,5420
P1sg__Ins,1.8426868705147898e+21,940,381
Aor__Cop,1.7654015294710221e+21,7489,3318
FutPart→Noun__Zero→Verb,1.8379927890095422e+21,1018,557
FutPart→Noun__Narr,1.711456494552337e+21,1018,5420
Hastily→Verb__Aor,1.659472767227751e+21,48,7489
Hastily→Verb__A1sg,1.690570616651964e+21,48,6246
Caus→Verb__While→Adv,1.831365392371586e+21,3794,806
NarrPart→Adj__Acc,1.7362853863217368e+21,52,4447
Zero→Noun__Acc,1.7362853863217368e+21,29,4447
Fut__While→Adv,1.8313653923716936e+21,3340,806
Cond__A3pl,1.7120405838021528e+21,1029,5397
NarrPart→Adj__P3pl,1.8280178737608272e+21,52,932
Zero→Noun__P3pl,1.8280178737608272e+21,29,932
Hastily→Verb__Desr,1.8354889974604452e+21,48,651
Hastily→Verb__A1pl,1.747001191594345e+21,48,4030
Pass→Verb__AsLongAs→Adv,1.8500641539449624e+21,10577,105
Caus→Verb__Desr,1.8354889974604214e+21,3794,651
Loc__Pres,1.8409790093638883e+21,1526,445
Loc__Cop,1.7654015294711322e+21,1526,3318
Desr__Narr,1.711456494552278e+21,651,5420
FeelLike→Noun__P1sg,1.8278054711736895e+21,6,940
EverSince→Verb__PastPart→Noun,1.7103141033873834e+21,11,5465
EverSince→Verb__P2sg,1.8062009060701262e+21,11,1757
EverSince→Verb__Acc,1.736285386321778e+21,11,4447
P1pl__Pres,1.8409790093638917e+21,1167,445
P1pl__Cop,1.7654015294713304e+21,1167,3318
EverSince→Verb__Past,1.5341034636399697e+21,11,12672
Pass→Verb__A1pl,1.7470011915938562e+21,10577,4030
Able→Verb__PresPart→Noun,1.8327215076436756e+21,2511,755
EverSince→Verb__Prog1,1.603929282470391e+21,11,9750
Hastily→Verb__Fut,1.7648310208208935e+21,48,3340
Start→Verb__Past,1.5341034636396462e+21,1,12672
Start→Verb__A3sg,9.031218778093814e+20,1,45371
Hastily→Verb__A3pl,1.712040583801921e+21,48,5397
Prog2__Narr,1.7114564945523955e+21,1003,5420
NarrPart→Adj__P2sg,1.8062009060701184e+21,52,1757
Zero→Noun__P2sg,1.8062009060701184e+21,29,1757
Unable__Imp,1.748392133778681e+21,1543,3976
A3pl__While→Adv,1.8313653923716884e+21,5397,806
Inf3→Noun__A3sg,9.031218778011481e+20,3,45371
Inf3→Noun__Gen,1.8244888287840287e+21,3,1065
A3pl__Rel→Adj,1.851991899411853e+21,5397,33
PresPart→Noun__P1pl,1.8217854390686963e+21,755,1167
Inf2→Noun__Cond,1.8254436085055546e+21,11651,1029
P1pl__Ins,1.8426868705147893e+21,1167,381
Caus→Verb__Pres,1.8409790093638883e+21,3794,445
Imp__Past,1.5341034636396462e+21,3976,12672
Prog2__A1sg,1.6905706166522749e+21,1003,6246
PresPart→Noun__Equ,1.8526079886737953e+21,755,10
P3pl__Equ,1.8526079886737953e+21,932,10
FeelLike→Noun__P1pl,1.8217854390687053e+21,6,1167
Caus→Verb__Loc,1.812291937705183e+21,3794,1526
P2sg__Ins,1.842686870514791e+21,1757,381
EverSince→Verb__A1pl,1.7470011915943472e+21,11,4030
P1pl__Past,1.5341034636399673e+21,1167,12672
A1pl__Cop,1.7654015294713304e+21,4030,3318
FutPart→Noun__Pres,1.8409790093638912e+21,1018,445
FutPart→Noun__Cop,1.7654015294713087e+21,1018,3318
Unable__Opt,1.810814057308131e+21,1543,1582
P1pl__Rel→Adj,1.8519918994118536e+21,1167,33
Hastily→Verb__Opt,1.8108140573081424e+21,48,1582
FutPart→Noun__Loc,1.8122919377053695e+21,1018,1526
NarrPart→Adj__While→Adv,1.8313653923716957e+21,52,806
Zero→Verb__While→Adv,1.8313653923716929e+21,557,806
Hastily→Verb__Inf1→Noun,1.711837404021255e+21,48,5405
Hastily→Verb__Abl,1.8251518389070295e+21,48,1040
FutPart→Noun__While→Adv,1.831365392371694e+21,1018,806
A3sg__While→Adv,1.831365392371694e+21,45371,806
FutPart→Noun__Past,1.534103463639325e+21,1018,12672
Neg__NarrPart→Adj,1.851483059977578e+21,5325,52
Neg__Zero→Noun,1.85209903611749e+21,5325,29
Zero→Noun__Zero→Verb,1.8379927890095484e+21,29,557
Zero→Noun__Pres,1.8409790093638938e+21,29,445
Zero→Noun__Cop,1.7654015294713543e+21,29,3318
Gen__Zero→Verb,1.8379927890095463e+21,1065,557
Gen__Pres,1.8409790093638922e+21,1065,445
Gen__A3sg,9.031218778134983e+20,1065,45371
Gen__Cop,1.7654015294713524e+21,1065,3318
Caus→Verb__AorPart→Adj,1.8499838604732693e+21,3794,108
NarrPart→Adj__A1sg,1.6905706166522767e+21,52,6246
Zero→Verb__A1sg,1.690570616652275e+21,557,6246
Pres__A1sg,1.6905706166523546e+21,445,6246
PresPart→Noun__Past,1.5341034636396462e+21,755,12672
Pass→Verb__FeelLike→Adj,1.8527419385684028e+21,10577,5
P1sg__Equ,1.8526079886737953e+21,940,10
NarrPart→Adj__Past,1.534103463639327e+21,52,12672
EverSince→Verb__P3sg,1.6399402994714532e+21,11,8278
EverSince→Verb__Abl,1.8251518389070321e+21,11,1040
Recip→Verb__Neg,1.7138699215595323e+21,2691,5325
Recip→Verb__Fut,1.7648310208186163e+21,2691,3340
Recip→Verb__Past,1.5341034635564663e+21,2691,12672
Recip→Verb__A3sg,9.031218713538802e+20,2691,45371
Recip→Verb__Imp,1.7483921337748237e+21,2691,3976
Recip→Verb__A2sg,1.745662477511943e+21,2691,4082
Recip→Verb__A1pl,1.7470011915898936e+21,2691,4030
Recip→Verb__A3pl,1.7120405837892787e+21,2691,5397
Recip→Verb__Desr,1.8354889974604327e+21,2691,651
P1pl__Cond,1.8254436085055546e+21,1167,1029
Stay→Verb__Past,1.534103463638684e+21,4,12672
Stay→Verb__A3sg,9.031218778093823e+20,4,45371
Stay→Verb__A3pl,1.7120405838020957e+21,4,5397
Recip→Verb__Inf2→Noun,1.5582512325066257e+21,2691,11651
Recip→Verb__P3sg,1.6399402994226598e+21,2691,8278
Stay→Verb__A2sg,1.7456624775152104e+21,4,4082
Recip→Verb__Aor,1.6594727672063252e+21,2691,7489
Recip→Verb__While→Adv,1.8313653923716808e+21,2691,806
Recip→Verb__Prog2,1.8261333780701703e+21,2691,1003
Stay→Verb__Prog1,1.603929282470579e+21,4,9750
Stay→Verb__A1sg,1.690570616652354e+21,4,6246
Recip→Verb__Prog1,1.6039292824215258e+21,2691,9750
Recip→Verb__ByDoingSo→Adv,1.8004390158266642e+21,2691,1976
Recip→Verb__A2pl,1.803831507086375e+21,2691,1847
PresPart→Noun__Rel→Adj,1.8519918994118533e+21,755,33
NarrPart→Adj__Dat,1.7879058646629503e+21,52,2454
Able→Verb__Imp,1.748392133778491e+21,2511,3976
Caus→Verb__Rel→Adj,1.851991899411853e+21,3794,33
P1sg__Rel→Adj,1.8519918994118533e+21,940,33
Caus→Verb__When→Adv,1.8443156624696714e+21,3794,320
Neg__AorPart→Adj,1.8499838604732696e+21,5325,108
Caus→Verb__AsLongAs→Adv,1.8500641539449624e+21,3794,105
Caus→Verb__Ins,1.8426868705147885e+21,3794,381
P2pl__Ins,1.842686870514791e+21,461,381
Caus→Verb__Hastily→Verb,1.8515901761080666e+21,3794,48
Caus→Verb__NarrPart→Adj,1.8514830599775783e+21,3794,52
NarrPart→Adj__Ness→Noun,1.8528491037699686e+21,52,1
Ness→Noun__A3sg,9.031218778093814e+20,1,45371
Inf3→Noun__P3sg,1.6399402994714508e+21,3,8278
Inf3→Noun__Equ,1.8526079886737964e+21,3,10
Inf3→Noun__P2sg,1.8062009060701236e+21,3,1757
NarrPart→Adj__P3sg,1.6399402994713145e+21,52,8278
Zero→Noun__P3sg,1.6399402994713145e+21,29,8278
Pass→Verb__WithoutBeingAbleToHaveDoneSo→Adv,1.852527620734427e+21,10577,13
Inf1→Noun__A3pl,1.7120405838020946e+21,5405,5397
Loc__A3pl,1.7120405838021528e+21,1526,5397
Inf1→Noun__Rel→Adj,1.8519918994118533e+21,5405,33
NarrPart→Adj__Ins,1.8426868705147932e+21,52,381
Zero→Noun__Ins,1.8426868705147932e+21,29,381
PresPart→Noun__A2sg,1.7456624775152093e+21,755,4082
A3sg__A2sg,1.7456624775152093e+21,45371,4082
Zero→Verb__A2sg,1.7456624775152093e+21,557,4082
Pres__A2sg,1.745662477515244e+21,445,4082
Abl__Pres,1.8409790093638943e+21,1040,445
Abl__Cop,1.7654015294713755e+21,1040,3318
Recip→Verb__Inf1→Noun,1.7118374039984087e+21,2691,5405
Recip→Verb__Ins,1.8426868705147874e+21,2691,381
Recip→Verb__Neces,1.8368471533334676e+21,2691,600
Recip→Verb__A1sg,1.690570616642756e+21,2691,6246
Recip→Verb__Acc,1.73628538631335e+21,2691,4447
Recip→Verb__PresPart→Adj,1.700662836073571e+21,2691,5846
Recip→Verb__P2sg,1.8062009060697459e+21,2691,1757
Recip→Verb__Gen,1.824488828783914e+21,2691,1065
Recip→Verb__Abl,1.825151838906903e+21,2691,1040
Recip→Verb__Unable,1.8118432119405997e+21,2691,1543
Recip→Verb__Caus→Verb,1.7530856759532027e+21,2691,3794
Recip→Verb__Able→Verb,1.7864152655060756e+21,2691,2511
Recip→Verb__Pass→Verb,1.583943074089938e+21,2691,10577
Recip→Verb__Narr,1.7114564945464032e+21,2691,5420
Recip→Verb__PastPart→Adj,1.8034104988429732e+21,2691,1863
Recip→Verb__P1pl,1.8217854390685246e+21,2691,1167
Recip→Verb__Opt,1.8108140573076302e+21,2691,1582
Recip→Verb__NarrPart→Adj,1.8514830599775783e+21,2691,52
Recip→Verb__PastPart→Noun,1.7103141033723872e+21,2691,5465
Recip→Verb__FutPart→Noun,1.8257354129341083e+21,2691,1018
Recip→Verb__Cop,1.765401529469261e+21,2691,3318
Recip→Verb__Loc,1.8122919377052995e+21,2691,1526
Recip→Verb__AsLongAs→Adv,1.8500641539449624e+21,2691,105
Recip→Verb__AfterDoingSo→Adv,1.8199846697917969e+21,2691,1235
Recip→Verb__PresPart→Noun,1.83272150764366e+21,2691,755
Recip→Verb__Dat,1.787905864662527e+21,2691,2454
Recip→Verb__P3pl,1.82801787376074e+21,2691,932
Recip→Verb__Cond,1.8254436085054953e+21,2691,1029
Recip→Verb__Zero→Verb,1.8379927890095325e+21,2691,557
Recip→Verb__Pres,1.8409790093638839e+21,2691,445
Recip→Verb__P1sg,1.8278054711736022e+21,2691,940
Recip→Verb__P2pl,1.8405522049330554e+21,2691,461
Recip→Verb__AorPart→Adj,1.8499838604732693e+21,2691,108
Recip→Verb__When→Adv,1.8443156624696704e+21,2691,320
Recip→Verb__FutPart→Adj,1.8340516820957727e+21,2691,705
Recip→Verb__AsIf→Adv,1.8523668934645194e+21,2691,19
Recip→Verb__WithoutHavingDoneSo→Adv,1.8461592259493335e+21,2691,251
Recip→Verb__SinceDoingSo→Adv,1.8525544097318883e+21,2691,12
Recip→Verb__Rel→Adj,1.8519918994118533e+21,2691,33
Inf1→Noun__Narr,1.7114564945523368e+21,5405,5420
Unable__AorPart→Adj,1.8499838604732698e+21,1543,108
